Constituency Name 2010,Region,N,V,NP,VP
Aberavon,Wales,50838,31469,9675,7391
Aberconwy,Wales,44593,30143,6229,5179
Aberdeen North,Scotland,64808,38210,11241,8987
Aberdeen South,Scotland,64031,43428,12041,10018
Aberdeenshire West & Kincardine,Scotland,66110,45450,10955,8977
Airdrie & Shotts,Scotland,62364,36115,5430,4059
Aldershot,South East,71465,47199,9788,7564
Aldridge-Brownhills,West Midlands,58909,39162,7514,5742
Altrincham & Sale West,North West,72208,50019,20114,15666
Alyn & Deeside,Wales,60931,41322,9125,7529
Amber Valley,East Midlands,70171,46402,12566,9991
Angus,Scotland,62860,38241,7535,6073
Antrim East,Northern Ireland,60204,30655,360,260
Antrim North,Northern Ireland,73338,42637,726,509
Antrim South,Northern Ireland,63054,34160,421,292
Arfon,Wales,41198,26348,4920,3891
Argyll & Bute,Scotland,67165,45531,10170,8346
Arundel & South Downs,South East,76835,56368,11018,9162
Ashfield,East Midlands,77379,48578,11016,9136
Ashford,South East,81271,55629,11518,9598
Ashton Under Lyne,North West,67714,38744,10556,7025
Aylesbury,South East,77844,53674,11416,9509
"Ayr, Carrick & Cumnock",Scotland,73320,46317,12010,9657
Ayrshire Central,Scotland,68352,44268,10144,8224
Ayrshire North & Arran,Scotland,74223,46546,10167,8053
Banbury,South East,84379,56840,8699,7330
Banff & Buchan,Scotland,64300,38853,10642,8448
Barking,London,73868,45760,10684,7799
Barnsley Central,Yorkshire and the Humber,65543,37467,10750,8360
Barnsley East,Yorkshire and the Humber,68435,38874,11369,8360
Barrow & Furness,North West,68943,44341,5960,4883
Basildon & Billericay,Eastern,65515,41715,7724,5605
Basildon South & Thurrock East,Eastern,71874,45415,8454,5637
Basingstoke,South East,75473,51443,11322,9189
Bassetlaw,East Midlands,76513,50020,11777,9439
Bath,South West,66686,47267,10472,9130
Batley & Spen,Yorkshire and the Humber,76738,51549,12448,10149
Battersea,London,74311,49070,12708,10285
Beaconsfield,South East,74982,52814,11348,9605
Beckenham,London,66219,48013,8245,6497
Bedford,Eastern,68530,45681,11059,8915
Bedfordshire Mid,Eastern,76310,55734,12328,10140
Bedfordshire North East,Eastern,78060,56042,12899,10697
Bedfordshire South West,Eastern,76559,51262,10076,8156
Belfast East,Northern Ireland,59007,34658,608,438
Belfast North,Northern Ireland,65504,37265,487,345
Belfast South,Northern Ireland,59524,34387,501,356
Belfast West,Northern Ireland,59522,32714,493,302
Bermondsey & Old Southwark,London,77628,45209,10332,7494
"Berwickshire, Roxburgh & Selkirk",Scotland,73826,49298,7556,6361
Berwick-upon-Tweed,North East,56578,38728,7529,6375
Bethnal Green & Bow,London,81243,52068,11204,8090
Beverley & Holderness,Yorkshire and the Humber,79318,53464,7263,5990
Bexhill & Battle,South East,81032,55034,10563,8449
Bexleyheath & Crayford,London,65015,43963,9667,6955
Birkenhead,North West,62773,36222,8912,6735
Birmingham Edgbaston,West Midlands,68573,42194,7812,6085
Birmingham Erdington,West Midlands,66405,35965,5108,3846
Birmingham Hall Green,West Midlands,76580,49803,8764,6304
Birmingham Hodge Hill,West Midlands,75040,43439,6757,4816
Birmingham Ladywood,West Midlands,73646,36695,5810,4055
Birmingham Northfield,West Midlands,71338,42195,6471,5198
Birmingham Perry Barr,West Midlands,71304,42821,5269,3664
Birmingham Selly Oak,West Midlands,74805,46995,6148,4834
Birmingham Yardley,West Midlands,72321,41461,6659,5019
Bishop Auckland,North East,68368,41594,13072,10465
Blackburn,North West,72331,48542,17888,13744
Blackley & Broughton,North West,69489,35117,14488,9579
Blackpool North & Cleveleys,North West,66017,40896,18313,14208
Blackpool South,North West,63027,35509,16810,12466
Blaenau Gwent,Wales,52442,32838,9411,7454
Blaydon,North East,67808,45889,21424,17555
Blyth Valley,North East,62900,39346,21875,17748
Bognor Regis & Littlehampton,South East,70816,47232,9615,7665
Bolsover,East Midlands,72766,44329,8188,6640
Bolton North East,North West,66846,43651,13863,11763
Bolton South East,North West,69499,40106,11368,9425
Bolton West,North West,71284,47909,12735,10753
Bootle,North West,71422,42145,8091,5763
Boston & Skegness,East Midlands,67186,43862,9685,7354
Bosworth,East Midlands,77296,54589,11780,9919
Bournemouth East,South West,71125,44279,9233,7311
Bournemouth West,South West,71753,41923,9039,7135
Bracknell,South East,76888,52432,11284,9875
Bradford East,Yorkshire and the Humber,65116,41574,13401,10520
Bradford South,Yorkshire and the Humber,63580,38536,9421,7550
Bradford West,Yorkshire and the Humber,62519,41706,10778,8386
Braintree,Eastern,71163,49814,11882,9418
Brecon & Radnorshire,Wales,53589,39115,7367,6119
Brent Central,London,74046,46021,5713,4207
Brent North,London,83896,53113,8067,6006
Brentford & Isleworth,London,83546,55014,12122,9557
Brentwood & Ongar,Eastern,69309,50746,6921,5835
Bridgend,Wales,58700,38555,11860,9548
Bridgwater & Somerset West,South West,82180,54665,8779,7303
Brigg & Goole,Yorkshire and the Humber,67345,44258,11595,9669
Brighton Kemptown,South East,66015,43216,10292,8551
Brighton Pavilion,South East,74009,52383,10216,8611
Bristol East,South West,69448,45387,10374,8612
Bristol North West,South West,73469,50788,13393,11000
Bristol South,South West,78579,48883,11664,9071
Bristol West,South West,82728,55712,10950,8641
Broadland,Eastern,72445,53309,9923,8298
Bromley & Chislehurst,London,65427,44358,8384,6471
Bromsgrove,West Midlands,73036,51943,10709,8863
Broxbourne,Eastern,71391,45835,11671,9410
Broxtowe,East Midlands,72042,54214,12527,10495
Buckingham,South East,74989,49499,9809,7497
Burnley,North West,66615,42438,10821,8454
Burton,West Midlands,74874,50506,17285,14445
Bury North,North West,66759,45294,15207,12048
Bury South,North West,73544,48618,15710,12474
Bury St Edmunds,Eastern,84716,59181,12923,10715
Caerphilly,Wales,62122,39148,9827,7232
"Caithness, Sutherland & Easter Ross",Scotland,47263,29121,5497,4171
Calder Valley,Yorkshire and the Humber,76903,52508,19119,16036
Camberwell & Peckham,London,78627,47253,9471,7074
Camborne & Redruth,South West,63975,42808,10702,8899
Cambridge,Eastern,74699,50386,11214,9080
Cambridgeshire North East,Eastern,73224,52344,10464,8615
Cambridgeshire North West,Eastern,88851,58729,6543,4879
Cambridgeshire South,Eastern,78995,59465,9812,8292
Cambridgeshire South East,Eastern,83068,58011,8999,7256
Cannock Chase,West Midlands,74508,45979,10061,7305
Canterbury,South East,74121,49450,8856,7536
Cardiff Central,Wales,61165,36409,9503,7588
Cardiff North,Wales,65553,47940,13762,11633
Cardiff South & Penarth,Wales,73707,44843,13717,10430
Cardiff West,Wales,62787,41310,12938,10169
Carlisle,North West,65263,42623,10766,8790
Carmarthen East & Dinefwr,Wales,52385,38380,10229,8374
Carmarthen West & Pembrokeshire South,Wales,58108,40867,9170,7608
Carshalton & Wallington,London,66524,46388,11817,9535
Castle Point,Eastern,67284,45421,8760,7308
Ceredigion,Wales,59882,38486,6579,5353
Charnwood,East Midlands,74473,53898,8615,7424
Chatham & Aylesford,South East,67964,44300,12842,10107
Cheadle,North West,71635,53019,13874,11067
Chelmsford,Eastern,77525,54786,9649,8333
Chelsea & Fulham,London,66257,40456,10158,7503
Cheltenham,South West,78998,53168,15085,13143
Chesham & Amersham,South East,70333,52784,9411,8019
"Chester, City of",North West,70131,47208,10235,7995
Chesterfield,East Midlands,71878,46214,12727,10692
Chichester,South East,81576,57137,11217,9156
Chingford & Woodford Green,London,64831,43562,8768,6955
Chippenham,South West,72106,52540,11667,10044
Chipping Barnet,London,75120,50927,13735,10091
Chorley,North West,70976,50301,21994,18383
Christchurch,South West,68859,49851,10930,9118
Cities of London & Westminster,London,66849,37280,10109,6188
Clacton,Eastern,67194,43342,9282,7862
Cleethorpes,Yorkshire and the Humber,70214,45589,11364,8825
Clwyd South,Wales,53748,34945,7708,6380
Clwyd West,Wales,57913,38369,9808,7020
"Coatbridge, Chryston & Bellshill",Scotland,70067,42023,5747,4352
Colchester,Eastern,74064,46521,11013,8825
Colne Valley,Yorkshire and the Humber,80060,55760,16709,13999
Congleton,North West,72280,51207,12443,10474
Copeland,North West,63149,43017,11451,9356
Corby,East Midlands,78024,54663,15393,12975
Cornwall North,South West,67940,47182,10431,8753
Cornwall South East,South West,71373,49990,14018,11765
"Cotswolds, The",South West,76729,55125,12731,10688
Coventry North East,West Midlands,73035,44071,8388,6423
Coventry North West,West Midlands,72871,47056,8449,6764
Coventry South,West Midlands,73652,46592,8756,6957
Crawley,South East,72781,47826,12109,10263
Crewe & Nantwich,North West,79728,51375,9765,8264
Croydon Central,London,76349,49929,10756,8778
Croydon North,London,85216,52046,9390,7201
Croydon South,London,81303,56694,12163,9985
"Cumbernauld, Kilsyth & Kirkintilloch East",Scotland,64037,41427,6131,4922
Cynon Valley,Wales,50650,30293,9976,7742
Dagenham & Rainham,London,69764,45175,8846,4079
Darlington,North East,68168,43274,14484,12267
Dartford,South East,76271,50376,12144,9782
Daventry,East Midlands,71452,52063,11674,9782
Delyn,Wales,53470,38271,7826,6529
Denton & Reddish,North West,66330,37941,11169,7813
Derby North,East Midlands,71474,46102,11644,8631
Derby South,East Midlands,70999,42678,12966,8514
Derbyshire Dales,East Midlands,63376,47146,11583,9858
Derbyshire Mid,East Midlands,66074,48283,12091,9625
Derbyshire North East,East Midlands,71398,47449,9532,7978
Derbyshire South,East Midlands,70608,50632,9959,8541
Devizes,South West,67379,46535,11323,9185
Devon Central,South West,71203,54250,10998,9523
Devon East,South West,73109,53517,11671,9868
Devon North,South West,74508,51718,10212,8599
Devon South West,South West,70813,50194,10531,8847
Devon West & Torridge,South West,77360,55530,12289,9597
Dewsbury,Yorkshire and the Humber,78910,54665,14158,11533
Don Valley,Yorkshire and the Humber,72597,43718,22789,15573
Doncaster Central,Yorkshire and the Humber,72985,42089,21307,15026
Doncaster North,Yorkshire and the Humber,71681,41687,19981,16403
Dorset Mid & Poole North,South West,64660,47337,10130,8653
Dorset North,South West,73741,54403,10150,8473
Dorset South,South West,73360,50626,9498,8028
Dorset West,South West,76869,57671,11210,9793
Dover,South East,71833,50570,11894,10273
Down North,Northern Ireland,60698,33563,495,380
Down South,Northern Ireland,70784,42968,1192,675
Dudley North,West Midlands,60838,39060,7493,5855
Dudley South,West Midlands,60572,38553,7063,5526
Dulwich & West Norwood,London,72817,48673,9843,7605
Dumfries & Galloway,Scotland,74584,52408,12480,10735
"Dumfriesshire, Clydesdale & Tweeddale",Scotland,66627,46083,10046,8590
Dunbartonshire East,Scotland,63795,48467,8530,7118
Dunbartonshire West,Scotland,66086,42639,7162,5513
Dundee East,Scotland,65471,40894,9732,7722
Dundee West,Scotland,63013,37478,9257,7229
Dunfermline & Fife West,Scotland,73590,49158,10692,8745
Durham North,North East,67544,41468,17985,14195
Durham North West,North East,70350,44408,18266,14308
"Durham, City of",North East,68832,46807,14783,12226
Dwyfor Meirionnydd,Wales,45354,29115,4829,3983
Ealing Central & Acton,London,70251,47599,6753,5344
Ealing North,London,73104,48134,5202,4114
Ealing Southall,London,66970,43363,6590,4713
Easington,North East,63879,35568,16235,12286
East Ham,London,90674,51449,10357,7112
"East Kilbride, Strathaven & Lesmahagow",Scotland,76534,51227,7553,6096
East Lothian,Scotland,73348,49636,10901,8680
Eastbourne,South East,77840,52598,15110,12859
Eastleigh,South East,77436,53943,12664,10761
Eddisbury,North West,72100,45735,7304,6098
Edinburgh East,Scotland,60945,40141,8738,6897
Edinburgh North & Leith,Scotland,69207,47654,11900,9437
Edinburgh South,Scotland,59362,44104,11260,9492
Edinburgh South West,Scotland,66361,45796,11716,9673
Edinburgh West,Scotland,65159,46767,11773,9904
Edmonton,London,63904,41116,6830,4799
Ellesmere Port & Neston,North West,66509,44573,7510,5904
Elmet & Rothwell,Yorkshire and the Humber,77724,55998,14475,11546
Eltham,London,62590,42358,8064,6591
Enfield North,London,66261,45009,8503,6727
Enfield Southgate,London,64139,44942,8618,6739
Epping Forest,Eastern,72186,46915,7084,5897
Epsom & Ewell,South East,79908,55451,10139,8819
Erewash,East Midlands,69655,48019,12218,10443
Erith & Thamesmead,London,69900,43401,8891,6005
Esher & Walton,South East,75338,54856,9729,7743
Exeter,South West,77158,52735,12961,10744
Falkirk,Scotland,81869,51084,7294,6369
Fareham,South East,75915,54667,10562,9104
Faversham & Kent Mid,South East,68858,46901,9690,8101
Feltham & Heston,London,81058,49445,12457,9609
Fermanagh & South Tyrone,Northern Ireland,67908,47352,2667,2036
Fife North East,Scotland,62771,40259,8272,6696
Filton & Bradley Stoke,South West,69003,48450,12233,10448
Finchley & Golders Green,London,70722,47453,13235,9599
Folkestone & Hythe,South East,78005,53706,12796,10316
Forest of Dean,South West,68419,49167,10786,9047
Foyle,Northern Ireland,65843,38235,792,603
Fylde,North West,65926,43946,12568,10050
Gainsborough,East Midlands,72939,49715,10321,8440
Garston & Halewood,North West,71312,43334,10776,8403
Gateshead,North East,66492,39256,18540,14370
Gedling,East Midlands,70866,48450,11357,9167
Gillingham & Rainham,South East,70814,47138,9673,7953
Glasgow Central,Scotland,60105,30971,4878,3628
Glasgow East,Scotland,61865,32417,5362,4273
Glasgow North,Scotland,51490,29914,4390,3434
Glasgow North East,Scotland,59861,29912,6134,4552
Glasgow North West,Scotland,60997,35973,6373,4870
Glasgow South,Scotland,65069,40666,6318,4754
Glasgow South West,Scotland,58191,32234,5195,4073
Glenrothes,Scotland,67765,40661,8191,6448
Gloucester,South West,79321,51813,17089,13195
Gordon,Scotland,73420,49108,12119,9532
Gosport,South East,72816,47311,7639,6203
Gower,Wales,61696,42130,10446,8334
Grantham & Stamford,East Midlands,78008,53109,13964,11422
Gravesham,South East,70195,47613,8267,6792
Great Grimsby,Yorkshire and the Humber,61229,33070,6955,5107
Great Yarmouth,Eastern,70315,43504,10025,8305
Greenwich & Woolwich,London,65489,41585,7953,6011
Guildford,South East,77082,56010,17738,15326
Hackney North & Stoke Newington,London,73906,47791,17965,12629
Hackney South & Shoreditch,London,72841,44073,14555,9741
Halesowen & Rowley Regis,West Midlands,63693,44479,8451,6608
Halifax,Yorkshire and the Humber,70380,44560,16463,13163
Haltemprice & Howden,Yorkshire and the Humber,70254,49067,10496,8860
Halton,North West,68846,41712,5760,4535
Hammersmith,London,72348,48021,9122,7194
Hampshire East,South East,72262,51511,9729,8171
Hampshire North East,South East,72196,53244,9434,8075
Hampshire North West,South East,76695,53568,11777,9642
Hampstead & Kilburn,London,80373,53157,11940,9396
Harborough,East Midlands,77917,55347,13018,10683
Harlow,Eastern,67583,44322,9062,7503
Harrogate & Knaresborough,Yorkshire and the Humber,74760,53414,15934,13240
Harrow East,London,70510,49193,11653,8876
Harrow West,London,68554,47244,10141,7749
Hartlepool,North East,68927,38696,11390,9459
Harwich & Essex North,Eastern,70743,49267,8860,7341
Hastings & Rye,South East,77030,50464,12567,10258
Havant,South East,69662,44084,8008,6712
Hayes & Harlington,London,70231,43223,7787,5234
Hazel Grove,North West,62300,42362,9869,7783
Hemel Hempstead,Eastern,72752,49759,10151,8495
Hemsworth,Yorkshire and the Humber,75542,44435,13349,10193
Hendon,London,72943,46667,14359,10502
Henley,South East,73123,53830,8444,7069
Hereford & Herefordshire South,West Midlands,72021,48544,11364,9860
Herefordshire North,West Midlands,66946,47829,8771,7513
Hertford & Stortford,Eastern,78459,55685,13157,11018
Hertfordshire North East,Eastern,72200,50836,11207,8919
Hertfordshire South West,Eastern,78248,57051,10099,8530
Hertsmere,Eastern,73057,47434,9193,7283
Hexham,North East,60360,43889,12960,10919
Heywood & Middleton,North West,80171,46559,11706,8038
High Peak,East Midlands,71458,50703,11733,10007
Hitchin & Harpenden,Eastern,73851,54935,13397,10950
Holborn & St Pancras,London,86563,55095,11446,8833
Hornchurch & Upminster,London,78547,54055,10056,7805
Hornsey & Wood Green,London,78748,55459,10433,7780
Horsham,South East,77564,56171,11456,9677
Houghton & Sunderland South,North East,68729,38867,26707,20049
Hove,South East,71720,50372,11912,9909
Huddersfield,Yorkshire and the Humber,66318,40954,11104,8850
Hull East,Yorkshire and the Humber,67530,34386,4536,3282
Hull North,Yorkshire and the Humber,64082,33611,3756,2785
Hull West & Hessle,Yorkshire and the Humber,57264,31740,4044,3118
Huntingdon,Eastern,83557,54677,10108,7943
Hyndburn,North West,67221,43863,11516,8721
Ilford North,London,72372,48170,10333,7099
Ilford South,London,86220,52826,10697,6926
Inverclyde,Scotland,59209,37775,9919,7781
"Inverness, Nairn, Badenoch & Strathspey",Scotland,72528,47506,10317,8169
Ipswich,Eastern,75770,47491,13023,10465
Isle of Wight,South East,109922,70734,14995,12194
Islington North,London,68119,45548,9058,6834
Islington South & Finsbury,London,67650,44595,9578,7415
Islwyn,Wales,54866,35084,8149,5808
Jarrow,North East,64350,39850,22713,17398
Keighley,Yorkshire and the Humber,65893,48362,12662,10774
Kenilworth & Southam,West Midlands,64362,48898,9622,8112
Kensington,London,65975,35869,8909,6020
Kettering,East Midlands,68824,48078,17606,15044
Kilmarnock & Loudoun,Scotland,74131,46926,9463,7607
Kingston & Surbiton,London,81115,57616,14693,11716
Kingswood,South West,66361,48026,11924,10276
Kirkcaldy & Cowdenbeath,Scotland,73534,45981,10405,8425
Knowsley,North West,79564,45178,11443,8325
Lagan Valley,Northern Ireland,65257,36739,791,427
Lanark & Hamilton East,Scotland,74773,46888,7282,5719
Lancashire West,North West,73835,48804,12665,10448
Lancaster & Fleetwood,North West,67379,43166,10314,8368
Leeds Central,Yorkshire and the Humber,81266,37716,11050,7675
Leeds East,Yorkshire and the Humber,64698,38110,13928,9743
Leeds North East,Yorkshire and the Humber,67899,47787,13113,10443
Leeds North West,Yorkshire and the Humber,65399,43644,12500,10430
Leeds West,Yorkshire and the Humber,67453,38913,9801,7234
Leicester East,East Midlands,72986,48930,12370,9770
Leicester South,East Midlands,77175,47892,11163,8935
Leicester West,East Midlands,64900,36330,9831,7617
Leicestershire North West,East Midlands,71217,52474,9950,8481
Leicestershire South,East Midlands,76633,54832,9693,8288
Leigh,North West,75903,44670,13548,9265
Lewes,South East,68708,50381,10073,8750
Lewisham Deptford,London,67058,41891,7428,5549
Lewisham East,London,65926,42181,8166,6435
Lewisham West & Penge,London,69022,45392,4686,3723
Leyton & Wanstead,London,63541,40962,8986,6676
Lichfield,West Midlands,72586,51824,7560,6288
Lincoln,East Midlands,73540,46088,10405,8209
Linlithgow & Falkirk East,Scotland,80907,51812,9656,7804
Liverpool Riverside,North West,74539,39415,8753,6401
Liverpool Walton,North West,62612,34959,7875,5587
Liverpool Wavertree,North West,62518,38540,9346,7063
Liverpool West Derby,North West,63082,36202,9526,7051
Livingston,Scotland,75924,48175,10435,8369
Llanelli,Wales,55637,37842,11148,8992
Londonderry East,Northern Ireland,63220,35126,938,683
Loughborough,East Midlands,77505,53110,9133,8033
Louth & Horncastle,East Midlands,77650,50694,11236,9253
Ludlow,West Midlands,66632,49073,9502,8122
Luton North,Eastern,65645,43418,7044,5498
Luton South,Eastern,65219,42579,6852,5252
Macclesfield,North West,75370,50367,12410,10267
Maidenhead,South East,72844,54061,11454,9718
Maidstone & The Weald,South East,71041,49459,11725,9970
Makerfield,North West,73813,44099,13572,10426
Maldon,Eastern,68777,48496,7987,6135
Manchester Central,North West,90110,41090,14536,9441
Manchester Gorton,North West,75933,39289,12423,7867
Manchester Withington,North West,74371,45688,13570,9868
Mansfield,East Midlands,80069,48645,10562,8540
Meon Valley,South East,70488,51459,10691,8947
Meriden,West Midlands,82228,52509,9173,7403
Merthyr Tydfil & Rhymney,Wales,54715,32443,6578,5292
Middlesbrough,North East,65148,33811,8555,6322
Middlesbrough South & Cleveland East,North East,72666,46539,12635,10391
Midlothian,Scotland,61387,39672,8391,6605
Milton Keynes North,South East,82432,54023,12550,9764
Milton Keynes South,South East,86559,55665,16296,12492
Mitcham & Morden,London,65939,44598,5864,4794
Mole Valley,South East,72297,54820,14324,11729
Monmouth,Wales,64538,46902,9359,7906
Montgomeryshire,Wales,48730,34059,5966,4827
Moray,Scotland,65925,41085,10292,8443
Morecambe & Lunesdale,North West,69576,43877,10630,8744
Morley & Outwood,Yorkshire and the Humber,74891,49098,12492,10003
Motherwell & Wishaw,Scotland,66918,39407,5026,3868
Na h-Eileanan an Iar (Western Isles),Scotland,21780,14825,2836,2247
Neath,Wales,57295,37681,12154,9495
New Forest East,South East,72858,50343,10000,8366
New Forest West,South East,68332,47889,9141,7558
Newark,East Midlands,71755,51509,12999,10898
Newbury,South East,79144,58819,17644,15412
Newcastle upon Tyne Central,North East,60507,34934,20849,15864
Newcastle upon Tyne East,North East,64487,38368,19188,15080
Newcastle upon Tyne North,North East,67110,44575,27277,22213
Newcastle-under-Lyme,West Midlands,69433,43811,7258,5635
Newport East,Wales,54437,34696,7466,6296
Newport West,Wales,62111,40122,10204,8612
Newry & Armagh,Northern Ireland,74308,45321,920,618
Newton Abbot,South West,69319,48667,11374,9776
Norfolk Mid,Eastern,74260,51120,9302,8128
Norfolk North,Eastern,67851,49998,8589,7360
Norfolk North West,Eastern,73105,48048,11895,9978
Norfolk South,Eastern,76179,55213,12625,10666
Norfolk South West,Eastern,73758,49396,9500,7958
"Normanton, Pontefract & Castleford",Yorkshire and the Humber,82336,46709,12274,10489
Northampton North,East Midlands,61850,40758,11156,8972
Northampton South,East Midlands,63105,39476,11664,9031
Northamptonshire South ,East Midlands,82033,60703,15403,12287
Norwich North,Eastern,64814,43170,14128,11052
Norwich South,Eastern,73649,47987,17056,14226
Nottingham East,East Midlands,58705,33580,9619,7294
Nottingham North,East Midlands,63240,34740,12080,9574
Nottingham South,East Midlands,67441,41261,11377,9061
Nuneaton,West Midlands,67837,45033,6371,5074
Ochil & South Perthshire,Scotland,75115,50752,8471,7004
Ogmore,Wales,55527,34847,9793,7583
Old Bexley & Sidcup,London,65699,46243,8875,6317
Oldham East & Saddleworth,North West,72557,45092,10518,7948
Oldham West & Royton,North West,72359,43579,11328,8353
Orkney & Shetland,Scotland,33085,19466,3695,2955
Orpington,London,67732,49204,8064,6562
Oxford East,South East,81903,51944,6766,5204
Oxford West & Abingdon,South East,86458,56738,8147,6971
Paisley & Renfrewshire North,Scotland,63704,44105,10419,8331
Paisley & Renfrewshire South,Scotland,61197,40482,11345,9026
Pendle,North West,66422,45733,11841,9441
Penistone & Stocksbridge,Yorkshire and the Humber,68480,47074,14515,11951
Penrith & The Border,North West,64484,45401,8298,6859
Perth & North Perthshire,Scotland,72141,48567,9468,7909
Peterborough,Eastern,70278,45645,12398,9379
Plymouth Moor View,South West,68062,42129,11275,8932
Plymouth Sutton & Devonport,South West,72938,44495,11238,8575
Pontypridd,Wales,58205,37082,10505,8119
Poole,South West,72641,48168,10584,8463
Poplar & Limehouse,London,74955,48001,12017,8716
Portsmouth North,South East,70329,44526,8663,7191
Portsmouth South,South East,70242,41734,8920,7062
Preseli Pembrokeshire,Wales,57400,39941,8901,7251
Preston,North West,61187,33272,8949,6505
Pudsey,Yorkshire and the Humber,69257,49301,14274,11794
Putney,London,63371,41067,11064,8869
Rayleigh & Wickford,Eastern,75661,52614,10350,8226
Reading East,South East,74929,50511,11722,8888
Reading West,South East,72120,48178,11383,8577
Redcar,North East,67127,42269,12149,10278
Redditch,West Midlands,66573,44133,9672,8213
Reigate,South East,71604,50441,11259,9322
Renfrewshire East,Scotland,66249,52207,11685,9885
Rhondda,Wales,51554,31571,10624,8258
Ribble Valley,North West,77789,52788,10683,8636
Richmond (Yorks),Yorkshire and the Humber,80563,53816,13800,11043
Richmond Park,London,77751,59833,15893,11207
Rochdale,North West,78952,46413,12342,9523
Rochester & Strood,South East,73758,48259,11459,9181
Rochford & Southend East,Eastern,71467,42025,9028,6758
Romford,London,71306,47164,10565,8018
Romsey & Southampton North,South East,68157,49261,12395,10378
"Ross, Skye & Lochaber",Scotland,51836,35092,6094,4891
Rossendale & Darwen,North West,73229,47380,12800,9959
Rother Valley,Yorkshire and the Humber,72847,47464,19346,16208
Rotherham,Yorkshire and the Humber,63563,38348,16502,13499
Rugby,West Midlands,68914,47894,9032,7581
"Ruislip, Northwood & Pinner",London,70873,50507,8635,6236
Runnymede & Weybridge,South East,72566,48366,8788,7004
Rushcliffe,East Midlands,72955,54500,23172,20263
Rutherglen & Hamilton West,Scotland,76408,47368,7614,5920
Rutland & Melton,East Midlands,77185,55627,10357,8567
Saffron Walden,Eastern,76035,54721,8827,7346
Salford & Eccles,North West,75483,41728,16963,12972
Salisbury,South West,67430,48620,10321,8714
Scarborough & Whitby,Yorkshire and the Humber,75470,49577,11450,9812
Scunthorpe,Yorkshire and the Humber,63089,37444,10801,8678
Sedgefield,North East,64728,41099,15580,12304
Sefton Central,North West,67511,49384,10283,8200
Selby & Ainsty,Yorkshire and the Humber,72804,52050,13409,11272
Sevenoaks,South East,69591,49646,9443,7779
Sheffield Brightside & Hillsborough,Yorkshire and the Humber,67740,39684,13780,10783
Sheffield Central,Yorkshire and the Humber,67554,42165,12663,10019
Sheffield Hallam,Yorkshire and the Humber,68798,51626,14362,12317
Sheffield Heeley,Yorkshire and the Humber,65571,41675,14375,11400
Sheffield South East,Yorkshire and the Humber,67068,42215,15078,12023
Sherwood,East Midlands,71443,49476,10059,8473
Shipley,Yorkshire and the Humber,67689,50020,12835,11024
Shrewsbury & Atcham,West Midlands,75446,53381,13505,11782
Shropshire North,West Midlands,78930,52089,10454,8744
Sittingbourne & Sheppey,South East,75855,48797,9341,7400
Skipton & Ripon,Yorkshire and the Humber,77381,55165,12129,10203
Sleaford & North Hykeham,East Midlands,84806,59884,10436,8903
Slough,South East,77473,48878,11797,8000
Solihull,West Midlands,76288,55481,11451,9294
Somerset North,South West,77306,58218,9496,8135
Somerset North East,South West,67881,51361,10506,9310
Somerton & Frome,South West,81548,60808,14972,13109
South Holland & The Deepings,East Midlands,76243,50453,10029,8321
South Ribble,North West,75822,52165,16060,13265
South Shields,North East,64084,37417,23222,17634
Southampton Itchen,South East,74532,45570,12939,10369
Southampton Test,South East,71931,45406,12094,9651
Southend West,Eastern,66918,43897,8856,6873
Southport,North West,67200,44961,14135,11074
Spelthorne,South East,70479,47658,7937,6484
St Albans,Eastern,70058,53355,10880,8681
St Austell & Newquay,South West,75284,47529,10834,8681
St Helens North,North West,74985,45573,17240,14077
St Helens South & Whiston,North West,77975,47092,16710,13600
St Ives,South West,66944,46314,13714,11590
Stafford,West Midlands,70667,50451,8463,6809
Staffordshire Moorlands,West Midlands,62137,44046,8186,6953
Staffordshire South,West Midlands,73849,50552,8064,6859
Stalybridge & Hyde,North West,69081,41241,13844,9845
Stevenage,Eastern,68937,45560,23814,19780
Stirling,Scotland,66080,47102,7068,6052
Stockport,North West,62879,39497,8938,6471
Stockton North,North East,66752,39938,14416,11854
Stockton South,North East,73840,50766,18055,15355
Stoke-on-Trent Central,West Midlands,61003,32820,5792,4549
Stoke-on-Trent North,West Midlands,72054,40573,6976,5416
Stoke-on-Trent South,West Midlands,68032,40202,6690,5368
Stone,West Midlands,67062,47593,6647,5995
Stourbridge,West Midlands,69637,47684,9166,7479
Strangford,Northern Ireland,60539,32661,636,385
Stratford-on-Avon,West Midlands,69517,50887,10700,8947
Streatham,London,74532,47357,9497,6979
Stretford & Urmston,North West,70991,45520,16957,13096
Stroud,South West,78286,58472,10768,9334
Suffolk Central & Ipswich North,Eastern,75786,53827,11120,9029
Suffolk Coastal,Eastern,76572,55530,12813,10429
Suffolk South,Eastern,72498,51622,8114,6848
Suffolk West,Eastern,74374,48532,10182,8398
Sunderland Central,North East,74485,43096,27881,21400
Surrey East,South East,76855,54989,12623,10358
Surrey Heath,South East,78107,54483,10789,9242
Surrey South West,South East,76501,57450,11360,9894
Sussex Mid,South East,77199,56479,11281,9311
Sutton & Cheam,London,66658,49097,13408,11027
Sutton Coldfield,West Midlands,74489,51020,7783,6292
Swansea East,Wales,59823,33101,9435,7071
Swansea West,Wales,61334,35978,9153,7161
Swindon North,South West,78384,51008,10767,8522
Swindon South,South West,72619,47724,9621,7058
Tamworth,West Midlands,71962,46849,9500,7226
Tatton,North West,66746,45571,11034,10627
Taunton Deane,South West,82507,58410,14103,12309
Telford,West Midlands,65061,41907,20709,17453
Tewkesbury,South West,76655,54246,10561,9012
Thanet North,South East,68602,43678,8239,6807
Thanet South,South East,70045,46357,9569,7974
Thirsk & Malton,Yorkshire and the Humber,76416,38479,13050,9996
Thornbury & Yate,South West,64092,48459,12216,10747
Thurrock,Eastern,77758,46398,10011,7224
Tiverton & Honiton,South West,76808,55110,10643,8917
Tonbridge & Malling,South East,71790,51563,9348,8028
Tooting,London,73840,50944,10943,8992
Torbay,South West,76244,49474,11316,9689
Torfaen,Wales,61183,38027,12366,9235
Totnes,South West,67962,48082,10276,8613
Tottenham,London,68834,41203,6622,4726
Truro & Falmouth,South West,70598,49089,9307,7915
Tunbridge Wells,South East,73855,50812,11941,9883
Twickenham,London,80569,60164,14690,11166
Tynemouth,North East,75680,53100,20250,17070
Tyneside North,North East,77690,47466,20786,16678
Tyrone West,Northern Ireland,61148,37777,1493,1101
Ulster Mid,Northern Ireland,64594,41329,1660,1182
Upper Bann,Northern Ireland,74732,41749,821,552
Uxbridge & Ruislip South,London,71160,45447,8334,6489
Vale of Clwyd,Wales,55781,35861,10485,8586
Vale of Glamorgan,Wales,70211,49000,10428,8213
Vauxhall,London,74811,44144,9593,6579
Wakefield,Yorkshire and the Humber,70812,44920,12188,9773
Wallasey,North West,65915,42330,10979,8721
Walsall North,West Midlands,64034,36669,7540,5398
Walsall South,West Midlands,64387,41653,8405,6015
Walthamstow,London,64625,41635,8126,6692
Wansbeck,North East,61782,38806,15562,12722
Wantage,South East,80456,56636,8295,6976
Warley,West Midlands,62751,39148,7202,5159
Warrington North,North West,70473,45122,11251,8875
Warrington South,North West,79182,55561,15425,12850
Warwick & Leamington,West Midlands,67800,49572,9785,8290
Warwickshire North,West Midlands,70138,47468,6345,5114
Washington & Sunderland West,North East,68910,38021,25609,19065
Watford,Eastern,80798,55695,13271,10754
Waveney,Eastern,78532,51494,11029,9040
Wealden,South East,76537,55257,11628,9979
Weaver Vale,North West,67269,44177,6936,5224
Wellingborough,East Midlands,76846,52861,13645,11674
Wells,South West,79432,56011,14162,10950
Welwyn Hatfield,Eastern,72058,49571,12883,10829
Wentworth & Dearne,Yorkshire and the Humber,72586,42849,16760,13512
West Bromwich East,West Midlands,62668,38408,5811,4349
West Bromwich West,West Midlands,64859,36883,7080,5088
West Ham,London,85313,47952,10196,7159
Westminster North,London,66739,40028,7615,4982
Westmorland & Lonsdale,North West,66988,51946,15236,13063
Weston-Super-Mare,South West,78487,53007,10088,8427
Wigan,North West,75407,44569,14261,10533
Wiltshire North,South West,66315,48854,11916,9952
Wiltshire South West,South West,71647,49300,10032,8338
Wimbledon,London,65723,48199,9020,7705
Winchester,South East,73805,56248,14580,12660
Windsor,South East,69511,49852,9657,7986
Wirral South,North West,56099,40497,9699,7870
Wirral West,North West,55050,40058,12227,9943
Witham,Eastern,66969,47187,9776,7591
Witney,South East,78766,58027,8147,6886
Woking,South East,73837,53306,13944,11739
Wokingham,South East,76386,55033,12592,10038
Wolverhampton North East,West Midlands,58931,35236,7112,4924
Wolverhampton South East,West Midlands,59884,35093,5909,4082
Wolverhampton South West,West Midlands,58845,40748,8514,5724
Worcester,West Midlands,72835,49270,11115,8842
Worcestershire Mid,West Midlands,72145,51367,12926,10812
Worcestershire West,West Midlands,72807,54610,9775,8474
Workington,North West,59607,39525,12474,10276
Worsley & Eccles South,North West,72473,41901,18291,14007
Worthing East & Shoreham,South East,74001,48838,11747,9707
Worthing West,South East,75945,49566,12467,10138
"Wrekin, The",West Midlands,65544,46231,20771,17559
Wrexham,Wales,50872,33253,7774,6371
Wycombe,South East,74175,48488,9722,7807
Wyre & Preston North,North West,70201,51664,15864,13254
Wyre Forest,West Midlands,76713,51057,10768,8873
Wythenshawe & Sale East,North West,79923,41651,17579,12149
Yeovil,South West,82314,57757,17170,14758
Ynys Mon,Wales,50075,34755,7193,5875
York Central,Yorkshire and the Humber,76439,46709,7727,6408
York Outer,Yorkshire and the Humber,75939,53583,9767,8278
Yorkshire East,Yorkshire and the Humber,80105,51565,7579,6241
